token;value;tense;mood
активировал;активировать;past;
активировала;активировать;past;
активировали;активировать;past;
активировало;активировать;past;
активирован;активировать;past;perfect
активированы;активировать;past;perfect
активировать;активировать;present;
активируем;активировать;present;
активирует;активировать;present;
активируете;активировать;present;
активируешь;активировать;present;
активирую;активировать;present;
активируют;активировать;present;
арендовал;арендавать;past;
арендовала;арендавать;present;
арендовали;арендавать;present;
арендовало;арендавать;past;
арендовать;арендавать;present;
арендуем;арендавать;present;
арендует;арендавать;present;
арендуете;арендавать;present;
арендуешь;арендавать;present;
арендую;арендавать;present;
арендуют;арендавать;present;
берём;брать;present;
берёт;брать;present;
берёте;брать;present;
берёшь;брать;present;
беру;брать;present;
берут;брать;present;
блокирован;close;past;perfect
брал;брать;past;
брала;брать;past;
брали;брать;past;
брало;брать;past;
брать;брать;present;
взял;брать;past;
взяла;брать;past;
взяли;брать;past;
взяло;брать;past;
видел;видеть;past;
видела;видеть;past;
видели;видеть;past;
видело;видеть;past;
видеть;видеть;present;
видим;видеть;present;
видит;видеть;present;
видите;видеть;present;
видишь;видеть;present;
видят;видеть;present;
вижу;видеть;present;
включаем;enable;present;
включает;enable;present;
включаете;enable;present;
включаешь;enable;present;
включал;enable;past;
включала;enable;past;
включали;enable;past;
включало;enable;past;
включат;enable;present;
включать;enable;present;
включаю;enable;present;
включают;enable;present;
включен;enable;past;
включены;enable;past;
включил;enable;past;
включила;enable;past;
включили;enable;past;
включило;enable;past;
включим;enable;present;
включит;enable;present;
включите;enable;present;
включить;enable;present;
включишь;enable;present;
включу;enable;present;
внести;платить;present;
возобновите;подключить;future;
возьмём;брать;future;
возьмёт;брать;future;
возьмёте;брать;future;
возьмёшь;брать;future;
возьму;брать;future;
возьмут;брать;future;
войдём;входить;future;
войдёт;входить;future;
войдёте;входить;future;
войдёшь;входить;future;
войду;входить;future;
войдут;входить;future;
войти;входить;present;
восстанавливаем;восстанавливать;present;
восстанавливает;восстанавливать;present;
восстанавливаете;восстанавливать;present;
восстанавливаешь;восстанавливать;present;
восстанавливал;восстанавливать;past;
восстанавливала;восстанавливать;past;
восстанавливали;восстанавливать;present;
восстанавливало;восстанавливать;past;
восстанавливать;восстанавливать;present;
восстанавливаю;восстанавливать;present;
восстанавливают;восстанавливать;present;
восстановил;восстанавливать;past;
восстановила;восстанавливать;past;
восстановили;восстанавливать;past;
восстановило;восстанавливать;past;
восстановим;восстанавливать;future;
восстановит;восстанавливать;future;
восстановите;восстанавливать;future;
восстановить;восстанавливать;present;
восстановишь;восстанавливать;future;
восстановлю;восстанавливать;future;
восстановят;восстанавливать;future;
вошёл;входить;past;
вошла;входить;past;
вошли;входить;past;
вошло;входить;past;
входил;входить;past;
входила;входить;past;
входили;входить;past;
входило;входить;past;
входим;входить;present;
входит;входить;present;
входите;входить;present;
входить;входить;present;
входишь;входить;present;
входят;входить;present;
вхожу;входить;present;
выдается;выдавать;present;
выдаётся;выдавать;present;
выйдем;входить;future;
выйдет;входить;future;
выйдете;входить;future;
выйдешь;входить;future;
выйду;входить;future;
выйдут;входить;future;
выйти;выходить;future;
выключить;отключать;future;
вырастаем;расти;present;
вырастает;расти;present;
вырастаете;расти;present;
вырастаешь;расти;present;
вырастал;расти;past;
вырастала;расти;past;
вырастали;расти;past;
вырастало;расти;past;
вырастать;расти;present;
вырастаю;расти;present;
вырастают;расти;present;
вырастем;расти;present;
вырастет;расти;future;
вырастете;расти;future;
вырастешь;расти;future;
вырасту;расти;future;
вырастут;расти;future;
вырос;расти;past;
выросла;расти;past;
выросли;расти;past;
выросло;расти;past;
высветились;отображаются;past;
высвечиваются;отображаются;present;
выслал;высылать;past;
выслала;высылать;past;
выслали;высылать;past;
выслало;высылать;past;
высылаем;высылать;present;
высылает;высылать;present;
высылаете;высылать;present;
высылаешь;высылать;present;
высылал;высылать;past;
высылала;высылать;past;
высылали;высылать;past;
высылало;высылать;past;
высылать;высылать;present;
высылаю;высылать;present;
высылают;высылать;present;
выходил;входить;past;
выходила;входить;past;
выходили;входить;past;
выходило;входить;past;
выходим;входить;present;
выходит;входить;present;
выходите;входить;present;
выходить;входить;present;
выходишь;входить;present;
выходят;входить;present;
выхожу;входить;present;
вышел;входить;past;
вышла;входить;past;
вышлем;высылать;future;
вышлет;высылать;future;
вышлете;высылать;future;
вышлешь;высылать;future;
вышли;входить;past;
вышлите;высылать;future;
вышло;входить;past;
вышлю;высылать;future;
вышлют;высылать;future;
говорил;сказать;past;
говорила;сказать;past;
говорили;сказать;past;
говорило;сказать;past;
говорим;сказать;present;
говорит;сказать;present;
говорите;сказать;present;
говорить;сказать;present;
говоришь;сказать;present;
говорю;сказать;present;
говорят;сказать;present;
грузит;load;present;
грузится;load;present;
грузить;load;present;
дойдём;доходить;future;
дойдёт;доходить;future;
дойдёте;доходить;future;
дойдёшь;доходить;future;
дойду;доходить;future;
дойдут;доходить;past;
доподключить;подключить;present;
дослал;доходить;past;
дослала;доходить;past;
дослали;доходить;past;
дослало;доходить;past;
доставил;deliver;past;
доставила;deliver;past;
доставили;deliver;past;
доставило;deliver;past;
доставим;deliver;future;
доставит;deliver;future;
доставите;deliver;future;
доставить;deliver;present;
доставишь;deliver;future;
доставлен;deliver;past;
доставлена;deliver;past;
доставлю;deliver;future;
доставляем;deliver;present;
доставляет;deliver;present;
доставляете;deliver;present;
доставляешь;deliver;present;
доставлял;deliver;past;
доставляла;deliver;past;
доставляли;deliver;past;
доставляло;deliver;past;
доставлять;deliver;present;
доставляю;deliver;present;
доставляют;deliver;present;
доставят;deliver;future;
досылаем;доходить;present;
досылает;доходить;present;
досылаете;доходить;present;
досылаешь;доходить;present;
досылал;доходить;past;
досылала;доходить;past;
досылали;доходить;past;
досылало;доходить;past;
досылать;доходить;present;
досылаю;доходить;present;
досылают;доходить;past;
доходил;доходить;past;
доходила;доходить;past;
доходили;доходить;past;
доходило;доходить;past;
доходим;доходить;present;
доходит;доходить;present;
доходите;доходить;present;
доходить;доходить;present;
доходишь;доходить;present;
доходят;доходить;present;
дохожу;доходить;present;
дошел;доходить;past;
дошёл;доходить;past;
дошла;доходить;past;
дошлём;доходить;future;
дошлёт;доходить;future;
дошлёте;доходить;future;
дошлёшь;доходить;future;
дошли;доходить;past;
дошло;доходить;past;
дошлю;доходить;future;
дошлют;доходить;future;
живём;жить;present;
живёт;жить;present;
живёте;жить;present;
живёшь;жить;present;
живу;жить;present;
живут;жить;present;
жил;жить;past;
жила;жить;past;
жили;жить;past;
жило;жить;past;
жить;жить;present;
заблокирован;close;past;perfect
заблокировать;close;present;
забрасываем;забрасывать;present;
забрасывает;забрасывать;present;
забрасываете;забрасывать;present;
забрасываешь;забрасывать;present;
забрасывал;забрасывать;past;
забрасывала;забрасывать;past;
забрасывали;забрасывать;past;
забрасывало;забрасывать;past;
забрасывать;забрасывать;present;
забрасываю;забрасывать;present;
забрасывают;забрасывать;present;
забросил;забрасывать;past;
забросила;забрасывать;past;
забросили;забрасывать;past;
забросило;забрасывать;past;
забросим;забрасывать;future;
забросит;забрасывать;future;
забросите;забрасывать;future;
забросишь;забрасывать;future;
забросят;забрасывать;future;
заброшу;забрасывать;future;
забудем;забывать;future;
забудет;забывать;future;
забудете;забывать;future;
забудешь;забывать;future;
забуду;забывать;future;
забудут;забывать;future;
забываем;забывать;present;
забывает;забывать;present;
забываете;забывать;present;
забываешь;забывать;present;
забывал;забывать;past;
забывала;забывать;past;
забывали;забывать;past;
забывало;забывать;past;
забывать;забывать;present;
забываю;забывать;present;
забывают;забывать;present;
забыл;забывать;past;
забыла;забывать;past;
забыли;забывать;past;
забыло;забывать;past;
загружаем;load;present;
загружает;load;present;
загружаете;load;present;
загружается;load;present;
загружаешь;load;present;
загружал;load;past;
загружала;load;past;
загружали;load;past;
загружало;load;past;
загружать;load;present;
загружаю;load;present;
загружают;load;present;
загружаются;load;present;
загружу;load;future;
загрузил;load;past;
загрузила;load;past;
загрузили;load;past;
загрузило;load;past;
загрузим;load;future;
загрузит;load;future;
загрузите;load;future;
загрузить;load;present;
загрузишь;load;future;
загрузят;load;future;
зайдём;входить;future;
зайдёт;входить;future;
зайдёте;входить;future;
зайдёшь;входить;future;
зайду;входить;future;
зайдут;входить;future;
зайти;входить;present;
закидывать;забрасывать;present;
закинем;забрасывать;future;
закинет;забрасывать;future;
закинете;забрасывать;future;
закинешь;забрасывать;future;
закину;забрасывать;future;
закинул;забрасывать;past;
закинула;забрасывать;past;
закинули;забрасывать;past;
закинуло;забрасывать;past;
закинут;забрасывать;future;
закинуть;забрасывать;present;
закроем;close;future;
закроет;close;future;
закроете;close;future;
закроешь;close;future;
закрою;close;future;
закроют;close;future;
закрываем;close;present;
закрывает;close;present;
закрываете;close;present;
закрываетесь;close;present;
закрываешь;close;present;
закрывал;close;past;
закрывала;close;past;
закрывали;close;past;
закрывало;close;past;
закрывать;close;present;
закрываю;close;present;
закрывают;close;present;
закрыл;close;past;
закрыла;close;past;
закрыли;close;past;
закрыло;close;past;
закрыть;close;present;
заменил;менять;past;
заменила;менять;past;
заменили;менять;past;
заменило;менять;past;
заменим;менять;future;
заменит;менять;future;
замените;менять;future;
заменить;менять;present;
заменишь;менять;future;
заменю;менять;future;
заменяем;менять;present;
заменяет;менять;present;
заменяете;менять;present;
заменяешь;менять;present;
заменял;менять;past;
заменяла;менять;past;
заменяли;менять;past;
заменяло;менять;past;
заменят;менять;future;
заменять;менять;present;
заменяю;менять;present;
заменяют;менять;present;
замораживаем;заморозить;present;
замораживает;заморозить;present;
замораживаете;заморозить;present;
замораживаешь;заморозить;present;
замораживал;заморозить;past;
замораживала;заморозить;past;
замораживали;заморозить;past;
замораживало;заморозить;past;
замораживать;заморозить;present;
замораживаю;заморозить;present;
замораживают;заморозить;present;
заморожу;заморозить;future;
заморозил;заморозить;past;
заморозила;заморозить;past;
заморозили;заморозить;past;
заморозило;заморозить;past;
заморозим;заморозить;future;
заморозит;заморозить;future;
заморозите;заморозить;future;
заморозить;заморозить;present;
заморозишь;заморозить;future;
заморозьте;заморозить;future;
заморозят;заморозить;future;
заплатил;платить;past;
заплатила;платить;past;
заплатили;платить;past;
заплатило;платить;future;
заплатим;платить;future;
заплатит;платить;future;
заплатите;платить;future;
заплатить;платить;present;
заплатишь;платить;future;
заплатят;платить;future;
заплачу;платить;future;
заплочу;платить;future;
запускаем;запускать;present;
запускает;запускать;present;
запускаете;запускать;present;
запускаешь;запускать;present;
запускал;запускать;past;
запускала;запускать;past;
запускали;запускать;past;
запускало;запускать;past;
запускать;запускать;present;
запускаю;запускать;present;
запускают;запускать;present;
запусти;запускать;future;
запустил;запускать;past;
запустила;запускать;past;
запустили;запускать;past;
запустило;запускать;past;
запустим;запускать;future;
запустит;запускать;future;
запустите;запускать;future;
запустить;запускать;present;
запустишь;запускать;future;
запустят;запускать;future;
запущу;запускать;future;
зарегистрировал;регистрировать;past;
зарегистрировала;регистрировать;past;
зарегистрировали;регистрировать;past;
зарегистрировало;регистрировать;past;
зарегистрировать;регистрировать;present;
зарегистрируем;регистрировать;future;
зарегистрирует;регистрировать;future;
зарегистрируете;регистрировать;future;
зарегистрируешь;регистрировать;future;
зарегистрирую;регистрировать;future;
зарегистрируют;регистрировать;future;
заходил;входить;past;
заходила;входить;past;
заходили;входить;past;
заходило;входить;past;
заходим;входить;present;
заходит;входить;present;
заходите;входить;present;
заходить;входить;present;
заходишь;входить;present;
заходят;входить;present;
захожу;входить;present;
зачислен;зачислять;past;
зачислена;зачислять;past;
зачислено;зачислять;past;
зачислены;зачислять;past;
зачислил;зачислять;past;
зачислила;зачислять;past;
зачислили;зачислять;past;
зачислило;зачислять;past;
зачислим;зачислять;future;
зачислит;зачислять;future;
зачислите;зачислять;future;
зачислишь;зачислять;future;
зачислю;зачислять;future;
зачисляем;зачислять;present;
зачисляет;зачислять;present;
зачисляете;зачислять;present;
зачисляешь;зачислять;present;
зачислял;зачислять;past;
зачисляла;зачислять;past;
зачисляли;зачислять;past;
зачисляло;зачислять;past;
зачислят;зачислять;future;
зачислять;зачислять;present;
зачисляю;зачислять;present;
зачисляют;зачислять;present;
зашёл;входить;past;
зашла;входить;past;
зашли;входить;past;
зашло;входить;past;
защитил;protect;past;
защитила;protect;past;
защитили;protect;past;
защитило;protect;past;
защитим;protect;future;
защитит;protect;future;
защитите;protect;future;
защитить;protect;present;
защитишь;protect;future;
защитят;protect;future;
защищаем;protect;present;
защищает;protect;present;
защищаете;protect;present;
защищаешь;protect;present;
защищал;protect;past;
защищала;protect;past;
защищали;protect;past;
защищало;protect;past;
защищать;protect;present;
защищаю;protect;present;
защищают;protect;present;
защищу;protect;future;
заявил;заявлять;past;
заявила;заявлять;past;
заявили;заявлять;past;
заявило;заявлять;past;
заявим;заявлять;future;
заявит;заявлять;future;
заявите;заявлять;future;
заявишь;заявлять;future;
заявлено;заявлять;past;
заявлю;заявлять;future;
заявляем;заявлять;present;
заявляет;заявлять;present;
заявляете;заявлять;present;
заявляешь;заявлять;present;
заявлял;заявлять;past;
заявляла;заявлять;past;
заявляли;заявлять;past;
заявляло;заявлять;past;
заявлять;заявлять;present;
заявляю;заявлять;present;
заявляют;заявлять;present;
заявят;заявлять;future;
идет;идти;present;
идёт;идти;present;
идут;идти;present;
изменил;менять;past;
изменила;менять;past;
изменилась;менять;past;
изменили;менять;past;
изменились;менять;past;
изменило;менять;past;
изменилось;менять;past;
изменился;менять;past;
изменим;менять;future;
изменимся;менять;future;
изменит;менять;future;
измените;менять;future;
изменитесь;менять;future;
изменится;менять;future;
изменить;менять;present;
изменишь;менять;future;
изменишься;менять;future;
изменю;менять;future;
изменюсь;менять;future;
изменяем;менять;present;
изменяемся;менять;present;
изменяет;менять;present;
изменяете;менять;present;
изменяетесь;менять;present;
изменяется;менять;present;
изменяешь;менять;present;
изменяешься;менять;present;
изменял;менять;past;
изменяла;менять;past;
изменялась;менять;past;
изменяли;менять;past;
изменялись;менять;past;
изменяло;менять;past;
изменялось;менять;past;
изменялся;менять;past;
изменят;менять;future;
изменятся;менять;future;
изменять;менять;present;
изменяться;менять;present;
изменяю;менять;present;
изменяюсь;менять;present;
изменяют;менять;present;
изменяются;менять;present;
интересует;узнавать;present;
интересуют;узнавать;present;
использовал;use;past;
использовала;use;past;
использовали;use;past;
использовало;use;past;
использовать;use;present;
используем;use;present;
использует;use;present;
используете;use;present;
используешь;use;present;
использую;use;present;
используют;use;present;
кидаем;кидать;present;
кидает;кидать;present;
кидаете;кидать;present;
кидаешь;кидать;present;
кидал;кидать;past;
кидала;кидать;past;
кидали;кидать;past;
кидало;кидать;past;
кидать;кидать;present;
кидаю;кидать;present;
кидают;кидать;present;
кинем;кидать;future;
кинет;кидать;future;
кинете;кидать;future;
кинешь;кидать;future;
кину;кидать;future;
кинул;кидать;future;
кинула;кидать;past;
кинули;кидать;past;
кинуло;кидать;past;
кинут;кидать;future;
кинуть;кидать;present;
киньте;кидать;future;
купил;buy;past;
купила;buy;past;
купили;buy;past;
купило;buy;past;
купим;buy;future;
купит;buy;future;
купите;buy;future;
купить;buy;future;
купишь;buy;future;
куплю;buy;future;
купят;buy;future;
лагаем;lag;present;
лагает;lag;present;
лагаете;lag;present;
лагаешь;lag;present;
лагал;lag;past;
лагала;lag;past;
лагали;lag;past;
лагало;lag;past;
лагать;lag;present;
лагаю;lag;present;
лагают;lag;present;
меняем;менять;present;
меняемся;менять;present;
меняет;менять;present;
меняете;менять;present;
меняетесь;менять;present;
меняется;менять;present;
меняешь;менять;present;
меняешься;менять;present;
менял;менять;past;
меняла;менять;past;
менялась;менять;past;
меняли;менять;past;
менялись;менять;past;
меняло;менять;past;
менялось;менять;past;
менялся;менять;past;
менять;менять;present;
меняться;менять;present;
меняю;менять;present;
меняюсь;менять;present;
меняют;менять;present;
меняются;менять;present;
назвал;сказать;past;
назвала;сказать;past;
назвали;сказать;past;
назвало;сказать;past;
назовём;сказать;future;
назовёт;сказать;future;
назовёте;сказать;future;
назовёшь;сказать;future;
назовите;называть;present;
назову;сказать;future;
назовут;сказать;future;
называем;сказать;present;
называет;сказать;present;
называете;сказать;present;
называешь;сказать;present;
называл;сказать;past;
называла;сказать;past;
называли;сказать;past;
называло;сказать;past;
называть;сказать;present;
называю;сказать;present;
называют;сказать;present;
найдём;find;future;
найдёмся;находиться;future;
найдёт;find;future;
найдёте;find;future;
найдётесь;находиться;future;
найдётся;находиться;future;
найдёшь;find;future;
найдёшься;находиться;future;
найду;find;future;
найдусь;находиться;future;
найдут;find;future;
найдутся;находиться;future;
найти;find;present;
наладил;настраивать;past;
наладила;настраивать;past;
наладили;настраивать;past;
наладило;настраивать;past;
наладим;настраивать;future;
наладит;настраивать;future;
наладите;настраивать;future;
наладить;настраивать;present;
наладишь;настраивать;future;
наладят;настраивать;future;
налажен;настраивать;past;
налажена;настраивать;past;
налаживаем;настраивать;present;
налаживает;настраивать;present;
налаживаете;настраивать;present;
налаживаешь;настраивать;present;
налаживал;настраивать;past;
налаживала;настраивать;past;
налаживали;настраивать;past;
налаживало;настраивать;past;
налаживать;настраивать;present;
налаживаю;настраивать;present;
налаживают;настраивать;present;
налажу;настраивать;future;
написать;писать;present;
напишите;писать;future;
направил;send;past;
направила;send;past;
направили;send;past;
направило;send;past;
направим;send;future;
направит;send;future;
направите;send;future;
направить;send;present;
направишь;send;future;
направлю;send;future;
направляем;send;present;
направляет;send;present;
направляете;send;present;
направляешь;send;present;
направлял;send;past;
направляла;send;past;
направляли;send;past;
направляло;send;past;
направлять;send;present;
направляю;send;present;
направляют;send;present;
направьте;send;future;
направят;send;future;
настраиваем;настраивать;present;
настраивает;настраивать;present;
настраиваете;настраивать;present;
настраиваешь;настраивать;present;
настраивал;настраивать;past;
настраивала;настраивать;past;
настраивали;настраивать;past;
настраивало;настраивать;past;
настраивать;настраивать;present;
настраиваю;настраивать;present;
настраивают;настраивать;present;
настроен;настраивать;past;
настроена;настраивать;past;
настроил;настраивать;past;
настроила;настраивать;past;
настроили;настраивать;past;
настроило;настраивать;past;
настроим;настраивать;future;
настроит;настраивать;future;
настроите;настраивать;future;
настроить;настраивать;present;
настроишь;настраивать;future;
настройте;настраивать;future;
настрою;настраивать;future;
настроят;настраивать;future;
находил;find;past;
находила;find;past;
находилась;находиться;past;
находили;find;past;
находились;находиться;past;
находило;find;past;
находилось;находиться;past;
находился;находиться;past;
находим;find;present;
находимся;находиться;present;
находит;find;present;
находите;find;present;
находитесь;находиться;present;
находится;находиться;present;
находить;find;present;
находиться;находиться;present;
находишь;find;present;
находишься;находиться;present;
находят;find;present;
находятся;находиться;present;
нахожу;find;present;
нахожусь;находиться;present;
началась;начинать;past;
начались;начинать;past;
началось;начинать;past;
начался;начинать;past;
начинаемся;начинать;present;
начинаетесь;начинать;present;
начинается;начинать;present;
начинаешься;начинать;present;
начиналась;начинать;past;
начинались;начинать;past;
начиналось;начинать;past;
начинался;начинать;past;
начинаться;начинать;present;
начинаюсь;начинать;present;
начинаются;начинать;present;
начнёмся;начинать;future;
начнётесь;начинать;future;
начнётся;начинать;future;
начнёшься;начинать;future;
начнусь;начинать;future;
начнутся;начинать;future;
нашёл;find;past;
нашёлся;находиться;past;
нашла;find;past;
нашлась;находиться;past;
нашли;find;past;
нашлись;находиться;past;
нашло;find;past;
нашлось;находиться;past;
несовпадающие;match;present;
обезопасил;protect;past;
обезопасила;protect;past;
обезопасили;protect;past;
обезопасило;protect;past;
обезопасим;protect;future;
обезопасит;protect;future;
обезопасите;protect;future;
обезопасить;protect;present;
обезопасишь;protect;future;
обезопасят;protect;future;
обезопашу;protect;future;
оборвалась;рваться;past;
оборвались;рваться;past;
оборвалось;рваться;past;
оборвался;рваться;past;
оборвёмся;рваться;future;
оборвётесь;рваться;future;
оборвётся;рваться;future;
оборвёшься;рваться;future;
оборвусь;рваться;future;
оборвутся;рваться;future;
обрываемся;рваться;future;
обрываетесь;рваться;future;
обрывается;рваться;present;
обрываешься;рваться;present;
обрывалась;рваться;past;
обрывались;рваться;past;
обрывалось;рваться;past;
обрывался;рваться;past;
обрываться;рваться;present;
обрываюсь;рваться;present;
обрываются;рваться;present;
ограничат;protect;future;
ограничиваем;protect;present;
ограничивает;protect;present;
ограничиваете;protect;present;
ограничиваешь;protect;present;
ограничивал;protect;past;
ограничивала;protect;past;
ограничивали;protect;past;
ограничивало;protect;past;
ограничивать;protect;present;
ограничиваю;protect;present;
ограничивают;protect;present;
ограничил;protect;past;
ограничила;protect;past;
ограничили;protect;past;
ограничило;protect;past;
ограничим;protect;future;
ограничит;protect;future;
ограничите;protect;future;
ограничить;protect;present;
ограничишь;protect;future;
ограничу;protect;future;
опалатить;платить;present;
оплатил;платить;past;
оплатила;платить;past;
оплатили;платить;past;
оплатило;платить;past;
оплатим;платить;future;
оплатит;платить;future;
оплатите;платить;future;
оплатить;платить;present;
оплатишь;платить;future;
оплатят;платить;future;
оплачиваем;платить;present;
оплачивает;платить;present;
оплачиваете;платить;present;
оплачиваешь;платить;present;
оплачивал;платить;past;
оплачивала;платить;past;
оплачивали;платить;past;
оплачивало;платить;past;
оплачивать;платить;present;
оплачиваю;платить;present;
оплачивают;платить;present;
оплачу;платить;future;
осталось;остаться;past;
останавливаем;stop;present;
останавливает;stop;present;
останавливаете;stop;present;
останавливаешь;stop;present;
останавливал;stop;past;
останавливала;stop;past;
останавливали;stop;past;
останавливало;stop;past;
останавливать;stop;present;
останавливаю;stop;present;
останавливают;stop;present;
остановил;stop;past;
остановила;stop;past;
остановили;stop;past;
остановило;stop;past;
остановим;stop;future;
остановит;stop;future;
остановите;stop;future;
остановить;stop;future;
остановишь;stop;future;
остановлю;stop;future;
остановят;stop;future;
отвечает;answer;present;
откажемся;cancel;future;
откажетесь;cancel;future;
откажется;cancel;future;
откажешься;cancel;future;
откажусь;cancel;future;
откажутся;cancel;future;
отказалась;cancel;past;
отказались;cancel;past;
отказалось;cancel;past;
отказался;cancel;past;
отказаться;cancel;present;
отказываемся;cancel;present;
отказываетесь;cancel;present;
отказывается;cancel;present;
отказываешься;cancel;present;
отказывалась;cancel;past;
отказывались;cancel;past;
отказывалось;cancel;past;
отказывался;cancel;past;
отказываться;cancel;present;
отказываюсь;cancel;present;
отказываются;cancel;present;
отключаем;отключать;present;
отключает;отключать;present;
отключаете;отключать;present;
отключается;отключать;present;изъявительное
отключаешь;отключать;present;
отключал;отключать;past;
отключала;отключать;past;
отключали;отключать;past;
отключало;отключать;past;
отключат;отключать;future;
отключать;отключать;present;
отключаться;отключать;present;изъявительное
отключаю;отключать;present;
отключают;отключать;present;
отключил;отключать;past;
отключила;отключать;past;
отключили;отключать;past;
отключило;отключать;past;
отключим;отключать;future;
отключит;отключать;future;
отключите;отключать;future;
отключить;отключать;present;
отключишь;отключать;future;
отключу;отключать;future;
откроем;open;future;
откроемся;open;future;
откроет;open;future;
откроете;open;future;
откроетесь;open;future;
откроется;open;future;
откроешь;open;future;
откроешься;open;future;
откройте;open;present;
открою;open;future;
откроюсь;open;future;
откроют;open;future;
откроются;open;future;
открываем;open;present;
открываемся;open;present;
открывает;open;present;
открываете;open;present;
открываетесь;open;present;
открывается;open;present;
открываешь;open;present;
открываешься;open;present;
открывал;open;past;
открывала;open;past;
открывалась;open;past;
открывали;open;past;
открывались;open;past;
открывало;open;past;
открывалось;open;past;
открывался;open;past;
открывать;open;present;
открываться;open;present;
открываю;open;present;
открываюсь;open;present;
открывают;open;present;
открываются;open;present;
открыл;open;past;
открыла;open;past;
открылась;open;past;
открыли;open;past;
открылись;open;past;
открыло;open;past;
открылось;open;past;
открылся;open;past;
открыть;open;present;
отладил;настраивать;past;
отладила;настраивать;past;
отладили;настраивать;past;
отладило;настраивать;past;
отладим;настраивать;future;
отладит;настраивать;future;
отладите;настраивать;future;
отладить;настраивать;present;
отладишь;настраивать;future;
отладят;настраивать;future;
отлаживаем;настраивать;present;
отлаживает;настраивать;present;
отлаживаете;настраивать;present;
отлаживаешь;настраивать;present;
отлаживал;настраивать;past;
отлаживала;настраивать;past;
отлаживали;настраивать;past;
отлаживало;настраивать;past;
отлаживать;настраивать;present;
отлаживаю;настраивать;present;
отлаживают;настраивать;present;
отлажу;настраивать;future;
отменил;cancel;past;
отменила;cancel;past;
отменили;cancel;past;
отменило;cancel;past;
отменим;cancel;future;
отменит;cancel;future;
отмените;cancel;future;
отменить;cancel;present;
отменишь;cancel;future;
отменю;cancel;future;
отменяем;cancel;present;
отменяет;cancel;present;
отменяете;cancel;present;
отменяешь;cancel;present;
отменял;cancel;past;
отменяла;cancel;past;
отменяли;cancel;past;
отменяло;cancel;past;
отменят;cancel;future;
отменять;cancel;present;
отменяю;cancel;present;
отменяют;cancel;present;
отображаются;отображаются;past;
отобразились;отображаются;past;
отправил;send;past;
отправила;send;past;
отправили;send;past;
отправило;send;past;
отправим;send;future;
отправит;send;future;
отправите;send;future;
отправить;send;present;
отправишь;send;future;
отправлю;send;future;
отправляем;send;present;
отправляет;send;present;
отправляете;send;present;
отправляешь;send;present;
отправлял;send;past;
отправляла;send;past;
отправляли;send;past;
отправляло;send;past;
отправлять;send;present;
отправляю;send;present;
отправляют;send;present;
отправь;send;present;
отправьте;send;present;
отправят;send;future;
отрегулировал;регулировать;past;
отрегулировала;регулировать;past;
отрегулировали;регулировать;past;
отрегулировало;регулировать;past;
отрегулирован;регулировать;past;
отрегулировать;регулировать;present;
отрегулируем;регулировать;future;
отрегулирует;регулировать;future;
отрегулируете;регулировать;future;
отрегулируешь;регулировать;future;
отрегулирую;регулировать;future;
отрегулируют;регулировать;future;
отсутствовал;lost;past;
отсутствовала;lost;past;
отсутствовали;lost;past;
отсутствовало;lost;past;
отсутствовать;lost;present;
отсутствуем;lost;present;
отсутствует;lost;present;
отсутствуете;lost;present;
отсутствуешь;lost;present;
отсутствую;lost;present;
отсутствуют;lost;present;
оформил;оформлять;past;
оформила;оформлять;past;
оформили;оформлять;past;
оформило;оформлять;past;
оформим;оформлять;future;
оформит;оформлять;future;
оформите;оформлять;future;
оформить;оформлять;present;
оформишь;оформлять;future;
оформлю;оформлять;future;
оформляем;оформлять;present;
оформляет;оформлять;present;
оформляете;оформлять;present;
оформляешь;оформлять;present;
оформлял;оформлять;past;
оформляла;оформлять;past;
оформляли;оформлять;past;
оформляло;оформлять;past;
оформлять;оформлять;present;
оформляю;оформлять;present;
оформляют;оформлять;present;
оформят;оформлять;future;
ошиблась;ошибаться;past;
ошиблись;ошибаться;past;
ошибся;ошибаться;past;
падает;падать;present;
переведём;перевести;future;
переведёт;перевести;future;
переведёте;перевести;future;
переведёшь;перевести;future;
переведу;перевести;future;
переведут;перевести;future;
перевел;перевести;past;
перевела;перевести;past;
перевелась;перевести;past;
перевели;перевести;past;
перевелись;перевести;past;
перевело;перевести;past;
перевелось;перевести;past;
перевелся;перевести;past;
перевести;перевести;present;
перевёл;перевести;past;
переводил;перевести;past;
переводила;перевести;past;
переводили;перевести;past;
переводило;перевести;past;
переводим;перевести;present;
переводит;перевести;present;
переводите;перевести;present;
переводить;перевести;present;
переводишь;перевести;present;
переводят;перевести;present;
перевожу;перевести;present;
переделаем;менять;future;
переделает;менять;future;
переделаете;менять;future;
переделаешь;менять;future;
переделал;менять;past;
переделала;менять;past;
переделали;менять;past;
переделало;менять;past;
переделать;менять;present;
переделаю;менять;past;
переделают;менять;past;
переделываем;менять;present;
переделывает;менять;present;
переделываете;менять;present;
переделываешь;менять;present;
переделывал;менять;past;
переделывала;менять;past;
переделывали;менять;past;
переделывало;менять;past;
переделывать;менять;present;
переделываю;менять;present;
переделывают;менять;present;
переедем;переезжать;future;
переедет;переезжать;future;
переедете;переезжать;future;
переедешь;переезжать;future;
перееду;переезжать;future;
переедут;переезжать;future;
переезд;переезжать;na;
переезжаем;переезжать;present;
переезжает;переезжать;present;
переезжаете;переезжать;present;
переезжаешь;переезжать;present;
переезжал;переезжать;past;
переезжала;переезжать;past;
переезжали;переезжать;past;
переезжало;переезжать;past;
переезжать;переезжать;present;
переезжаю;переезжать;present;
переезжают;переезжать;present;
переехал;переезжать;past;
переехала;переезжать;past;
переехали;переезжать;past;
переехало;переезжать;past;
переехать;переезжать;present;
перейти;менять;present;
перекидывал;перекидывать;past;
перекидывала;перекидывать;past;
перекидывали;перекидывать;past;
перекидывать;перекидывать;present;
перекидываю;перекидывать;present;
переключаем;переключать;present;
переключает;переключать;present;
переключаете;переключать;present;
переключаешь;переключать;present;
переключал;переключать;past;
переключала;переключать;past;
переключали;переключать;past;
переключало;переключать;past;
переключат;переключать;future;
переключать;переключать;present;
переключаю;переключать;present;
переключают;переключать;present;
переключил;переключать;past;
переключила;переключать;past;
переключили;переключать;past;
переключило;переключать;past;
переключим;переключать;future;
переключит;переключать;future;
переключите;переключать;future;
переключить;переключать;present;
переключишь;переключать;future;
переключу;переключать;future;
перенесём;переносить;future;
перенесёт;переносить;future;
перенесёте;переносить;future;
перенесёшь;переносить;future;
перенесите;переносить;future;
перенесла;переносить;past;
перенесли;переносить;past;
перенесло;переносить;past;
перенести;переносить;present;
перенесу;переносить;future;
перенесут;переносить;future;
перенёс;переносить;past;
переносил;переносить;past;
переносила;переносить;past;
переносили;переносить;past;
переносило;переносить;past;
переносим;переносить;present;
переносит;переносить;present;
переносите;переносить;present;
переносить;переносить;present;
переносишь;переносить;present;
переносят;переносить;present;
переношу;переносить;present;
переоформил;оформлять;past;
переоформила;оформлять;past;
переоформили;оформлять;past;
переоформило;оформлять;past;
переоформим;оформлять;future;
переоформит;оформлять;future;
переоформите;оформлять;future;
переоформить;оформлять;present;
переоформишь;оформлять;future;
переоформлю;оформлять;future;
переоформляем;оформлять;present;
переоформляет;оформлять;present;
переоформляете;оформлять;present;
переоформляешь;оформлять;present;
переоформлял;оформлять;past;
переоформляла;оформлять;past;
переоформляли;оформлять;past;
переоформляло;оформлять;past;
переоформлять;оформлять;present;
переоформляю;оформлять;present;
переоформляют;оформлять;past;
переоформят;оформлять;present;
переслал;send;past;
переслала;send;past;
переслали;send;past;
переслало;send;past;
пересылаем;send;present;
пересылает;send;present;
пересылаете;send;present;
пересылаешь;send;present;
пересылал;send;past;
пересылала;send;past;
пересылали;send;past;
пересылало;send;past;
пересылать;send;present;
пересылаю;send;present;
пересылают;send;present;
перетащат;перетащить;future;
перетащил;перетащить;past;
перетащила;перетащить;past;
перетащили;перетащить;past;
перетащило;перетащить;past;
перетащим;перетащить;future;
перетащит;перетащить;future;
перетащите;перетащить;future;
перетащить;перетащить;present;
перетащишь;перетащить;future;
перетащу;перетащить;future;
перечислите;перечислить;present;
перешлём;send;future;
перешлёт;send;future;
перешлёте;send;future;
перешлёшь;send;future;
перешли;send;;
перешлите;send;future;
перешлю;send;future;
перешлют;send;future;
писать;писать;present;
платил;платить;past;
платила;платить;past;
платили;платить;past;
платило;платить;past;
платим;платить;present;
платит;платить;present;
платите;платить;present;
платить;платить;present;
платишь;платить;present;
платят;платить;present;
плачу;платить;present;
повысил;повышать;past;
повысила;повышать;past;
повысили;повышать;past;
повысило;повышать;past;
повысим;повышать;past;
повысит;повышать;past;
повысите;повышать;future;
повысить;повышать;present;
повысишь;повышать;future;
повысят;повышать;future;
повышаем;повышать;present;
повышает;повышать;present;
повышаете;повышать;present;
повышаешь;повышать;present;
повышал;повышать;past;
повышала;повышать;past;
повышали;повышать;past;
повышало;повышать;past;
повышать;повышать;past;
повышаю;повышать;past;
повышают;повышать;past;
повышу;повышать;future;
подгружаем;load;present;
подгружает;load;present;
подгружаете;load;present;
подгружается;load;present;
подгружаешь;load;present;
подгружал;load;past;
подгружала;load;past;
подгружали;load;past;
подгружало;load;past;
подгружать;load;past;
подгружаю;load;present;
подгружают;load;present;
подгружаются;load;present;
подгружу;load;future;
подгрузил;load;past;
подгрузила;load;past;
подгрузили;load;past;
подгрузило;load;past;
подгрузим;load;future;
подгрузит;load;future;
подгрузите;load;future;
подгрузить;load;present;
подгрузишь;load;future;
подгрузят;load;future;
поддерживается;поддерживать;;
подкл;подкл;present;
подключаем;подключить;present;
подключает;подключить;present;
подключаете;подключить;present;
подключается;подключить;present;
подключаешь;подключить;present;
подключал;подключить;past;
подключала;подключить;past;
подключали;подключить;past;
подключало;подключить;past;
подключат;подключить;future;
подключать;подключить;present;
подключаю;подключить;present;
подключают;подключить;present;
подключен;подключить;past;
подключены;подключить;past;
подключи;подключить;present;
подключил;подключить;past;
подключила;подключить;past;
подключили;подключить;past;
подключило;подключить;past;
подключим;подключить;future;
подключит;подключить;future;
подключите;подключить;future;
подключить;подключить;present;
подключишь;подключить;future;
подключу;подключить;future;
поднимаем;повышать;present;
поднимаемся;connect;present;
поднимает;повышать;present;
поднимаете;повышать;present;
поднимаетесь;connect;present;
поднимается;connect;present;
поднимаешь;повышать;present;
поднимаешься;connect;present;
поднимал;повышать;past;
поднимала;повышать;past;
поднималась;connect;past;
поднимали;повышать;past;
поднимались;connect;past;
поднимало;повышать;past;
поднималось;connect;past;
поднимался;connect;past;
поднимать;повышать;present;
подниматься;connect;present;
поднимаю;повышать;present;
поднимаюсь;connect;present;
поднимают;повышать;present;
поднимаются;connect;present;
поднимем;повышать;future;
поднимемся;connect;future;
поднимет;повышать;future;
поднимете;повышать;future;
подниметесь;connect;future;
поднимется;connect;future;
поднимешь;повышать;future;
поднимешься;connect;future;
подниму;повышать;future;
поднимусь;connect;future;
поднимут;повышать;future;
поднимутся;connect;future;
поднял;повышать;past;
подняла;повышать;past;
поднялась;connect;past;
подняли;повышать;past;
поднялись;connect;past;
подняло;повышать;past;
поднялось;connect;past;
поднялся;connect;past;
поднятия;connect;present;
поднять;повышать;present;
покажем;show;future;
покажет;show;future;
покажете;show;future;
покажешь;show;future;
покажу;show;future;
покажут;show;future;
показал;show;past;
показала;show;past;
показали;show;past;
показало;show;past;
показываем;show;present;
показывает;show;present;
показываете;show;present;
показываешь;show;present;
показывал;show;past;
показывала;show;past;
показывали;show;past;
показывало;show;past;
показывать;show;present;
показываю;show;present;
показывают;show;present;
положил;класть;past;
положила;класть;past;
положить;класть;present;
получаем;receive;present;
получает;receive;present;
получаете;receive;present;
получаешь;receive;present;
получал;receive;past;
получала;receive;past;
получали;receive;past;
получало;receive;past;
получат;receive;future;
получать;receive;present;
получаю;receive;present;
получают;receive;present;
получил;receive;past;
получила;receive;past;
получили;receive;past;
получило;receive;past;
получим;receive;future;
получит;receive;future;
получите;receive;future;
получить;receive;present;
получишь;receive;future;
получу;receive;future;
пользовалась;use;past;
пользовались;use;past;
пользовалось;use;past;
пользовался;use;past;
пользоваться;use;present;
пользуемся;use;present;
пользуетесь;use;present;
пользуется;use;present;
пользуешься;use;present;
пользуюсь;use;present;
пользуются;use;present;
поменяем;менять;future;
поменяет;менять;future;
поменяете;менять;future;
поменяешь;менять;future;
поменяйте;менять;future;
поменял;менять;past;
поменяла;менять;past;
поменялась;менять;past;perfect
поменяли;менять;past;
поменяло;менять;past;
поменять;менять;present;
поменяю;менять;future;
поменяют;менять;future;
помню;помнить;present;
помог;помогать;past;
помогаем;помогать;present;
помогает;помогать;present;
помогаете;помогать;present;
помогаешь;помогать;present;
помогал;помогать;past;
помогала;помогать;past;
помогали;помогать;past;
помогало;помогать;past;
помогать;помогать;present;
помогаю;помогать;present;
помогают;помогать;present;
помогите;помогать;future;
помогла;помогать;past;
помогли;помогать;future;
помогло;помогать;future;
помогу;помогать;future;
помогут;помогать;future;
поможем;помогать;future;
поможет;помогать;future;
поможете;помогать;future;
поможешь;помогать;future;
помочь;помогать;present;
понижаем;понижать;present;
понижает;понижать;present;
понижаете;понижать;present;
понижаешь;понижать;present;
понижал;понижать;past;
понижала;понижать;past;
понижали;понижать;past;
понижало;понижать;past;
понижать;понижать;present;
понижаю;понижать;present;
понижают;понижать;present;
понижу;понижать;future;
понизил;понижать;past;
понизила;понижать;past;
понизили;понижать;past;
понизило;понижать;past;
понизим;понижать;future;
понизит;понижать;future;
понизите;понижать;future;
понизить;понижать;present;
понизишь;понижать;future;
понизят;понижать;future;
пополнил;платить;past;
пополнила;платить;past;
пополнили;платить;past;
пополнило;платить;past;
пополнился;платить;pastperfect;
пополним;платить;future;
пополнит;платить;future;
пополните;платить;future;
пополнить;платить;present;
пополнишь;платить;future;
пополню;платить;future;
пополняем;платить;present;
пополняет;платить;present;
пополняете;платить;present;
пополняешь;платить;present;
пополнял;платить;past;
пополняла;платить;past;
пополняли;платить;past;
пополняло;платить;past;
пополнят;платить;future;
пополнять;платить;present;
пополняю;платить;present;
пополняют;платить;present;
послал;send;past;
послала;send;past;
послали;send;past;
послало;send;past;
посматриваем;смотреть;present;
посматривает;смотреть;present;
посматриваете;смотреть;present;
посматриваешь;смотреть;present;
посматривал;смотреть;past;
посматривала;смотреть;past;
посматривали;смотреть;past;
посматривало;смотреть;past;
посматривать;смотреть;present;
посматриваю;смотреть;present;
посматривают;смотреть;present;
посмотрел;смотреть;past;
посмотрела;смотреть;past;
посмотрели;смотреть;past;
посмотрело;смотреть;past;
посмотреть;смотреть;present;
посмотрим;смотреть;future;
посмотрит;смотреть;future;
посмотрите;смотреть;future;
посмотришь;смотреть;future;
посмотрю;смотреть;future;
посмотрят;смотреть;future;
поступил;поступать ;past;
поступила;come;past;
поступили;come;past;
поступило;поступать;past;
посчитан;считать;past;
посчитана;считать;past;
посчитано;считать;past;
посчитаны;считать;past;
посылаем;send;present;
посылает;send;present;
посылаете;send;present;
посылаешь;send;present;
посылал;send;past;
посылала;send;past;
посылали;send;past;
посылало;send;past;
посылать;send;present;
посылаю;send;present;
посылают;send;present;
потеряем;терять;future;
потеряет;терять;future;
потеряете;терять;future;
потеряешь;терять;future;
потерял;терять;past;
потеряла;терять;past;
потерялась;терять;past;
потеряли;терять;past;
потеряло;терять;past;
потерялся;терять;past;
потерять;терять;present;
потеряю;терять;future;
потеряют;терять;future;
пошлём;send;future;
пошлёт;send;future;
пошлёте;send;future;
пошлёшь;send;future;
пошлите;send;future;
пошлю;send;future;
пошлют;send;future;
появилась;show;past;
появились;show;past;
появилось;show;past;
появился;show;past;
появимся;show;future;
появитесь;show;future;
появится;show;future;
появишься;show;future;
появлюсь;show;future;
появляемся;show;future;
появляетесь;show;future;
появляется;show;future;
появляешься;show;future;
появлялась;show;past;
появлялись;show;past;
появлялось;show;past;
появлялся;show;past;
появляться;show;present;
появляюсь;show;present;
появляются;show;present;
появятся;show;future;
предоставил;give;past;
предоставила;give;past;
предоставили;give;past;
предоставило;give;past;
предоставим;give;future;
предоставит;give;future;
предоставите;give;future;
предоставить;give;future;
предоставишь;give;future;
предоставлю;give;future;
предоставляем;give;present;
предоставляет;give;present;
предоставляете;give;present;
предоставляешь;give;present;
предоставлял;give;past;
предоставляла;give;past;
предоставляли;give;past;
предоставляло;give;past;
предоставлять;give;present;
предоставляю;give;present;
предоставляют;give;present;
предоставят;give;future;
прекратил;прекращать;past;
прекратила;прекращать;past;
прекратили;прекращать;past;
прекратило;прекращать;past;
прекратим;прекращать;future;
прекратит;прекращать;future;
прекратите;прекращать;future;
прекратить;прекращать;present;
прекратишь;прекращать;future;
прекратят;прекращать;future;
прекращаем;прекращать;present;
прекращает;прекращать;present;
прекращаете;прекращать;present;
прекращаешь;прекращать;present;
прекращал;прекращать;past;
прекращала;прекращать;past;
прекращали;прекращать;past;
прекращало;прекращать;past;
прекращать;прекращать;present;
прекращаю;прекращать;present;
прекращают;прекращать;present;
прекращу;прекращать;future;
прервалась;рваться;past;
прервались;рваться;past;
прервалось;рваться;past;
прервался;рваться;past;
прервёмся;рваться;future;
прервётесь;рваться;future;
прервётся;рваться;future;
прервёшься;рваться;future;
прервусь;рваться;future;
прервутся;рваться;future;
прерываемся;рваться;present;
прерываетесь;рваться;present;
прерывается;рваться;present;изъявительное
прерываешься;рваться;present;
прерывалась;рваться;past;
прерывались;рваться;past;
прерывалось;рваться;past;
прерывался;рваться;past;
прерываться;рваться;present;
прерываюсь;рваться;present;
прерываются;рваться;present;
придём;come;future;
придёт;come;future;
придёте;come;future;
придёшь;come;future;
приди;come;present;
придите;come;present;
придти;come;present;
приду;come;future;
придут;come;future;
придя;come;present;
прийдём;come;future;
прийдёт;come;future;
прийдёте;come;future;
прийдёшь;come;future;
прийди;come;present;
прийдите;come;present;
прийду;come;future;
прийдут;come;future;
прийдя;come;future;
прийти;come;present;
примем;принять;future;
примет;принять;future;
примете;принять;future;
примешь;принять;future;
примите;принять;future;
приму;принять;future;
примут;принять;future;
принимаем;принять;present;
принимает;принять;present;
принимаете;принять;present;
принимаешь;принять;present;
принимал;принять;past;
принимала;принять;past;
принимали;принять;past;
принимало;принять;past;
принимать;принять;present;
принимаю;принять;present;
принимают;принять;present;
принял;принять;past;
приняла;принять;past;
приняли;принять;past;
приняло;принять;past;
принять;принять;present;
приостанавливаем;приостановить;present;
приостанавливает;приостановить;present;
приостанавливаете;приостановить;present;
приостанавливаешь;приостановить;present;
приостанавливал;приостановить;past;
приостанавливала;приостановить;past;
приостанавливали;приостановить;past;
приостанавливало;приостановить;past;
приостанавливать;приостановить;present;
приостанавливаю;приостановить;present;
приостанавливают;приостановить;present;
приостановил;приостановить;past;
приостановила;приостановить;past;
приостановили;приостановить;past;
приостановило;приостановить;past;
приостановим;приостановить;future;
приостановит;приостановить;future;
приостановите;приостановить;future;
приостановить;приостановить;present;
приостановишь;приостановить;future;
приостановления;приостановить;present;
приостановлю;приостановить;future;
приостановят;приостановить;future;
прислал;присылать;past;
прислала;присылать;past;
прислали;присылать;past;
прислало;присылать;past;
присылаем;присылать;present;
присылает;присылать;present;
присылаете;присылать;present;
присылаешь;присылать;present;
присылал;присылать;past;
присылала;присылать;past;
присылали;присылать;past;
присылало;присылать;past;
присылать;присылать;past;
присылаю;присылать;present;
присылают;присылать;present;
приходил;come;past;
приходила;come;past;
приходили;come;past;
приходило;come;past;
приходим;come;present;
приходит;come;present;
приходите;come;present;
приходить;come;present;
приходишь;come;present;
приходят;come;present;
прихожу;come;present;
пришел;come;past;
пришёл;come;past;
пришла;come;past;
пришлём;присылать;future;
пришлёт;присылать;future;
пришлёте;присылать;future;
пришлёшь;присылать;future;
пришли;come;past;
пришлите;присылать;future;
пришло;come;past;
пришлю;присылать;future;
пришлют;присылать;future;
пробраcывать;forward;present;
пробрасываем;forward;present;
пробрасывает;forward;present;
пробрасываете;forward;present;
пробрасываешь;forward;present;
пробрасывал;forward;past;
пробрасывала;forward;past;
пробрасывали;forward;past;
пробрасывало;forward;past;
пробрасывать;forward;past;
пробрасываю;forward;present;
пробрасывают;forward;present;
пробрашивать;forward;present;
проброcить;forward;present;
проброс;forward;present;
пробросил;forward;past;
пробросила;forward;past;
пробросили;forward;past;
пробросило;forward;past;
пробросим;forward;future;
пробросит;forward;future;
пробросите;forward;future;
пробросишь;forward;future;
пробросьте;forward;future;
пробросят;forward;future;
проброшу;forward;future;
продлить;продлить;present;
произвести;произвести;present;
проконсультировал;консультировать;past;
проконсультировала;консультировать;past;
проконсультироваться;консультировать;present;
проконсультировали;консультировать;past;
проконсультировало;консультировать;past;
проконсультировать;консультировать;present;
проконсультируем;консультировать;future;
проконсультирует;консультировать;future;
проконсультируете;консультировать;future;
проконсультируешь;консультировать;future;
проконсультируйте;консультировать;future;
проконсультирую;консультировать;future;
проконсультируют;консультировать;future;
пропадаем;пропадать;future;
пропадает;пропадать;future;изъявительное
пропадаете;пропадать;future;
пропадаешь;пропадать;future;
пропадал;пропадать;past;
пропадала;пропадать;past;
пропадали;пропадать;past;
пропадало;пропадать;past;
пропадать;пропадать;present;
пропадаю;пропадать;present;
пропадают;пропадать;present;
пропадём;пропадать;future;
пропадёт;пропадать;future;
пропадёте;пропадать;future;
пропадёшь;пропадать;future;
пропаду;пропадать;future;
пропадут;пропадать;future;
пропал;пропадать;past;
пропала;пропадать;past;
пропали;пропадать;past;
пропало;пропадать;past;
прописать;писать;present;
работаем;work;present;
работает;work;present;
работаете;work;present;
работаешь;work;present;
работал;work;past;
работала;work;past;
работали;work;past;
работало;work;past;
работать;work;present;
работаю;work;present;
работают;work;present;
разорвал;рваться;past;
разорвала;рваться;past;
разорвали;рваться;past;
разорвало;рваться;past;
разорвать;разорвать;present;
разорвём;разорвать;future;
разорвёт;разорвать;future;
разорвёте;разорвать;future;
разорвёшь;разорвать;future;
разорву;разорвать;future;
разорвут;разорвать;future;
разрываем;разорвать;present;
разрывает;разорвать;present;
разрываете;разорвать;present;
разрывается;разорвать;present;изъявительное
разрываешь;разорвать;present;
разрывал;разорвать;past;
разрывала;разорвать;past;
разрывали;разорвать;past;
разрывало;разорвать;past;
разрывам;разорвать;present;
разрывами;разорвать;present;
разрывать;разорвать;present;
разрываться;разорвать;present;
разрывах;разорвать;present;
разрываю;разорвать;present;
разрывают;разорвать;present;
разрыве;разорвать;present;
разрывов;разорвать;present;
расскажем;сказать;future;
расскажет;сказать;future;
расскажете;сказать;future;
расскажешь;сказать;future;
расскажите;рассказывать;present;
расскажу;сказать;future;
расскажут;сказать;future;
рассказал;сказать;past;
рассказала;сказать;past;
рассказали;сказать;past;
рассказало;сказать;past;
рассказываем;сказать;present;
рассказывает;сказать;present;
рассказываете;сказать;present;
рассказываешь;сказать;present;
рассказывал;сказать;past;
рассказывала;сказать;past;
рассказывали;сказать;past;
рассказывало;сказать;past;
рассказывать;сказать;present;
рассказываю;сказать;present;
рассказывают;сказать;present;
растём;расти;present;
растёт;расти;present;
растёте;расти;present;
растёшь;расти;present;
расти;расти;present;
растил;расти;past;
растила;расти;past;
растили;расти;past;
растило;расти;past;
растим;расти;present;
растит;расти;present;
растите;расти;present;
растить;расти;present;
растишь;расти;present;
расторгать;расторгать;present;
расторгнув;расторгать;na;
расторгнуть;расторгать;present;
расту;расти;present;
растут;расти;present;
растят;расти;present;
ращу;расти;present;
рвалась;рваться;past;
рвались;рваться;past;
рвалось;рваться;past;
рвался;рваться;past;
рваться;рваться;present;
рвется;рваться;present;изъявительное
рвёмся;рваться;present;
рвётесь;рваться;present;
рвётся;рваться;present;изъявительное
рвёшься;рваться;present;
рвусь;рваться;present;
рвутся;рваться;present;
регистрировал;регистрировать;past;
регистрировала;регистрировать;past;
регистрировали;регистрировать;past;
регистрировало;регистрировать;past;
регистрировать;регистрировать;present;
регистрируем;регистрировать;future;
регистрирует;регистрировать;future;
регистрируете;регистрировать;future;
регистрируешь;регистрировать;future;
регистрирую;регистрировать;future;
регистрируют;регистрировать;future;
регулировал;регулировать;past;
регулировала;регулировать;past;
регулировали;регулировать;past;
регулировало;регулировать;past;
регулировать;регулировать;present;
регулируем;регулировать;present;
регулирует;регулировать;present;
регулируете;регулировать;present;
регулируешь;регулировать;present;
регулирую;регулировать;present;
регулируют;регулировать;present;
решить;решать;present;
рос;расти;past;
росла;расти;past;
росли;расти;past;
росло;расти;past;
сдавал;сдать;past;
сдавала;сдать;past;
сдавали;сдать;past;
сдавало;сдать;past;
сдавать;сдать;present;
сдадим;сдать;future;
сдадите;сдать;future;
сдадут;сдать;future;
сдаём;сдать;present;
сдаёт;сдать;present;
сдаёте;сдать;present;
сдаёшь;сдать;present;
сдал;сдать;past;
сдала;сдать;past;
сдали;сдать;past;
сдало;сдать;past;
сдам;сдать;future;
сдаст;сдать;future;
сдать;сдать;present;
сдашь;сдать;future;
сдаю;сдать;present;
сдают;сдать;present;
скажем;сказать;future;
скажет;сказать;future;
скажете;сказать;future;
скажешь;сказать;future;
скажите;сказать;future;
скажу;сказать;future;
скажут;сказать;future;
сказал;сказать;past;
сказала;сказать;past;
сказали;сказать;past;
сказало;сказать;past;
сказать;сказать;present;
сказываем;сказать;present;
сказывает;сказать;present;
сказываете;сказать;present;
сказываешь;сказать;present;
сказывал;сказать;past;
сказывала;сказать;past;
сказывали;сказать;past;
сказывало;сказать;past;
сказывать;сказать;present;
сказываю;сказать;present;
сказывают;сказать;present;
слышал;слышать;past;
слышала;слышать;past;
слышали;слышать;past;
слышало;слышать;past;
слышат;слышать;present;
слышать;слышать;present;
слышим;слышать;present;
слышит;слышать;present;
слышите;слышать;present;
слышишь;слышать;present;
слышу;слышать;present;
сменил;менять;past;
сменила;менять;past;
сменили;менять;past;
сменило;менять;past;
сменим;менять;future;
сменит;менять;future;
смените;менять;future;
сменить;менять;present;
сменишь;менять;future;
сменю;менять;future;
сменяем;менять;present;
сменяет;менять;present;
сменяете;менять;present;
сменяешь;менять;present;
сменял;менять;past;
сменяла;менять;past;
сменяли;менять;past;
сменяло;менять;past;
сменят;менять;future;
сменять;менять;present;
сменяю;менять;present;
сменяют;менять;present;
смотреть;смотреть;present;
снимаем;снимать;present;
снимает;снимать;present;
снимаете;снимать;present;
снимаешь;снимать;present;
снимал;снимать;past;
снимала;снимать;past;
снимали;снимать;past;
снимало;снимать;past;
снимать;снимать;present;
снимаю;снимать;present;
снимают;снимать;present;
снимем;снимать;future;
снимет;снимать;future;
снимете;снимать;future;
снимешь;снимать;future;
сниму;снимать;future;
снимут;снимать;future;
снял;снимать;past;
сняла;снимать;past;
сняли;снимать;past;
снялись;снимать;past;
сняло;снимать;past;
совпадает;match;present;
совпадать;match;present;
совпадают;match;present;
совпал;match;past;
совпали;match;past;
создать;создавать;present;
сообщает;answer;present;
сообщил;answer;past;
сообщило;answer;past;
сообщите;сказать;future;
составляет;составлять;present;
состоим;входить;present;
состоит;входить;present;
состоите;входить;present;
состоишь;входить;present;
состою;входить;present;
состоял;входить;past;
состояла;входить;past;
состояли;входить;past;
состояло;входить;past;
состоят;входить;present;
состоять;входить;present;
списал;списать;past;
списала;списать;past;
списали;списать;past;
списались;списать;past;
списало;списать;past;
списываем;списать;present;
списывает;списать;present;
списываете;списать;present;
списываешь;списать;present;
списывал;списать;past;
списывала;списать;past;
списывали;списать;past;
списывало;списать;past;
списывать;списать;present;
списываю;списать;present;
списывают;списать;present;
списываются;писать;present;perfect
спишем;списать;future;
спишет;списать;future;
спишете;списать;future;
спишешь;списать;future;
спишу;списать;future;
спишут;списать;future;
стоил;стоить;past;
стоила;стоить;past;
стоили;стоить;past;
стоило;стоить;past;
стоим;стоить;present;
стоит;стоить;present;
стоите;стоить;present;
стоить;стоить;present;
стоишь;стоить;present;
стою;стоить;present;
стоят;стоить;present;
теряем;терять;present;
теряет;терять;present;
теряете;терять;present;
теряется;терять;present;
теряешь;терять;present;
терял;терять;past;
теряла;терять;past;
теряли;терять;past;
теряло;терять;past;
терялось;терять;past;
терять;терять;present;
теряться;терять;present;
теряю;терять;present;
теряют;терять;present;
убрать;убирать;present;
увеличат;увеличивать;future;
увеличиваем;увеличивать;present;
увеличивает;увеличивать;present;
увеличиваете;увеличивать;present;
увеличиваешь;увеличивать;present;
увеличивал;увеличивать;past;
увеличивала;увеличивать;past;
увеличивали;увеличивать;past;
увеличивало;увеличивать;past;
увеличивать;увеличивать;present;
увеличиваю;увеличивать;present;
увеличивают;увеличивать;present;
увеличил;увеличивать;past;
увеличила;увеличивать;past;
увеличилась;увеличивать;past;
увеличили;увеличивать;past;
увеличило;увеличивать;past;
увеличился;увеличивать;past;
увеличим;увеличивать;future;
увеличит;увеличивать;future;
увеличите;увеличивать;future;
увеличить;увеличивать;present;
увеличишь;увеличивать;future;
увеличу;повышать;future;
увеличьте;увеличивать;future;
уедем;уезжать;future;
уедет;уезжать;future;
уедете;уезжать;future;
уедешь;уезжать;future;
уеду;уезжать;future;
уедут;уезжать;future;
уезжаем;уезжать;present;
уезжает;уезжать;present;
уезжаете;уезжать;present;
уезжаешь;уезжать;present;
уезжал;уезжать;past;
уезжала;уезжать;past;
уезжали;уезжать;past;
уезжало;уезжать;past;
уезжать;уезжать;present;
уезжаю;уезжать;present;
уезжают;уезжать;present;
уехал;уезжать;past;
уехала;уезжать;past;
уехали;уезжать;past;
уехало;уезжать;past;
уехать;уезжать;present;
узнать;узнавать;present;
уйдём;идти;future;
уйдёт;идти;future;
уйдёте;идти;future;
уйдёшь;идти;future;
уйду;идти;future;
уйдут;идти;future;
указал;указать;past;
указала;указать;past;
указали;указать;past;
улучшаем;улучшать;present;
улучшает;улучшать;present;
улучшаете;улучшать;present;
улучшаешь;улучшать;present;
улучшал;улучшать;past;
улучшала;улучшать;past;
улучшали;улучшать;past;
улучшало;улучшать;past;
улучшат;улучшать;future;
улучшать;улучшать;present;
улучшаю;улучшать;present;
улучшают;улучшать;present;
улучшил;улучшать;past;
улучшила;улучшать;past;
улучшили;улучшать;past;
улучшило;улучшать;past;
улучшим;улучшать;future;
улучшит;улучшать;future;
улучшите;улучшать;future;
улучшить;улучшать;present;
улучшишь;улучшать;future;
улучшу;улучшать;future;
уменьшить;уменьшать;present;
упала;падать;past;
управил;control;past;
управила;control;past;
управили;control;past;
управило;control;past;
управим;control;future;
управит;control;future;
управите;control;future;
управишь;control;future;
управлю;control;future;
управляем;control;present;
управляет;control;present;
управляете;control;present;
управляешь;control;present;
управлял;control;past;
управляла;control;past;
управляли;control;past;
управляло;control;past;
управлять;control;present;
управляю;control;present;
управляют;control;present;
управят;control;future;
услал;send;past;
услала;send;past;
услали;send;past;
услало;send;past;
устанавливаемся;connect;present;
устанавливаетесь;connect;present;
устанавливается;connect;present;
устанавливаешься;connect;present;
устанавливалась;connect;past;
устанавливались;connect;past;
устанавливалось;connect;past;
устанавливался;connect;past;
устанавливаться;connect;present;
устанавливаюсь;connect;present;
устанавливаются;connect;present;
установилась;connect;past;
установились;connect;past;
установилось;connect;past;
установился;connect;past;
установимся;connect;future;
установитесь;connect;future;
установится;connect;future;
установишься;connect;future;
установлюсь;connect;future;
установятся;connect;future;
усылаем;send;present;
усылает;send;present;
усылаете;send;present;
усылаешь;send;present;
усылал;send;past;
усылала;send;past;
усылали;send;past;
усылало;send;past;
усылать;send;present;
усылаю;send;present;
усылают;send;present;
уточнить;уточнить;present;
уходил;send;past;
уходила;send;past;
уходили;send;past;
уходило;send;past;
уходим;send;present;
уходит;send;present;
уходите;send;present;
уходить;send;present;
уходишь;send;present;
уходят;send;present;
ухожу;send;present;
ушёл;send;past;
ушла;send;past;
ушлём;send;future;
ушлёт;send;future;
ушлёте;send;future;
ушлёшь;send;future;
ушли;send;past;
ушло;send;past;
ушлю;send;future;
ушлют;send;future;
хватает;хватать;present;
хотел;хотеть;past;
хотела;хотеть;past;
хотели;хотеть;past;
хотеть;хотеть;present;
хотим;хотеть;present;
хочу;хотеть;present;
обманем;обманывать;future;
обманет;обманывать;future;
обманете;обманывать;future;
обманешь;обманывать;future;
обману;обманывать;future;
обманул;обманывать;past;
обманула;обманывать;past;
обманули;обманывать;past;
обмануло;обманывать;past;
обманут;обманывать;future;
обмануть;обманывать;future;
обманываем;обманывать;present;
обманывает;обманывать;present;
обманываете;обманывать;present;
обманываешь;обманывать;present;
обманывал;обманывать;past;
обманывала;обманывать;past;
обманывали;обманывать;past;
обманывало;обманывать;past;
обманывать;обманывать;present;
обманываю;обманывать;present;
обманывают;обманывать;present;
переговорил;переговорить;past;
переговорила;переговорить;past;
переговорили;переговорить;past;
переговорило;переговорить;past;
переговорим;переговорить;future;
переговорит;переговорить;future;
переговорите;переговорить;future;
переговорить;переговорить;future;
переговоришь;переговорить;future;
переговорю;переговорить;future;
переговорят;переговорить;future;
соединил;соединять;past;
соединила;соединять;past;
соединили;соединять;past;
соединило;соединять;past;
соединим;соединять;future;
соединит;соединять;future;
соедините;соединять;future;
соединить;соединять;future;
соединишь;соединять;future;
соединю;соединять;future;
соединяем;соединять;present;
соединяет;соединять;present;
соединяете;соединять;present;
соединяешь;соединять;present;
соединял;соединять;past;
соединяла;соединять;past;
соединяли;соединять;past;
соединяло;соединять;past;
соединят;соединять;future;
соединять;соединять;present;
соединяю;соединять;present;
соединяют;соединять;present;
